{
  "loss": [
    0.021100990931402573,
    0.008544899099564478,
    0.00654154915357239,
    0.005398157184848907,
    0.0045457211937416035,
    0.003996524349040747,
    0.003724460067916822,
    0.003399877374132779,
    0.0031404527822154024,
    0.0029300740745440055,
    0.0027533816515217147,
    0.002603115625983088,
    0.002474432005721108,
    0.002360998322492535,
    0.002475565788938824,
    0.002383946878648044,
    0.0023004798844103074,
    0.002228168944791602,
    0.002163769058371543,
    0.0021053690161718518
  ],
  "val_loss": [
    0.010142430663108826,
    0.006910277530550957,
    0.005520848091691732,
    0.0045155412517488,
    0.0038746618665754795,
    0.0033755130134522915,
    0.003056601155549288,
    0.002876760670915246,
    0.0025754247326403856,
    0.002447639126330614,
    0.0025957331527024508,
    0.0024135150015354156,
    0.0021317563951015472,
    0.0020390436984598637,
    0.0019501919159665704,
    0.0017963738646358252,
    0.0018110541859641671,
    0.0016956140752881765,
    0.0015859543345868587,
    0.0015362531412392855
  ],
  "fgsm_loss": [
    0.0212284040129239,
    0.008647665465366692,
    0.006598862006363824,
    0.00546480955873917,
    0.004609999893597494,
    0.0040527486031623206,
    0.00391738512062165,
    0.003586156032568742,
    0.0033194307826748715,
    0.0031042191727231557,
    0.0029272444330580884,
    0.0027785095864369365,
    0.0026450184247994927,
    0.0025309006686207204,
    0.0030003259789327216,
    0.002906341916477006,
    0.002817492499458224,
    0.002741797714675433,
    0.0026712992854955697,
    0.0026140830996120392
  ],
  "pgd_loss": [
    0.021170980098799284,
    0.008607399388290549,
    0.0066055557445005965,
    0.0054513258638069365,
    0.004602986649982452,
    0.004053495088565384,
    0.0037785333756282426,
    0.003465846629611512,
    0.003209193636710583,
    0.00299469690121646,
    0.0028145399684852573,
    0.0026658900606259346,
    0.002536037956227835,
    0.00242548665564868,
    0.0024696680820303274,
    0.0023803821533171896,
    0.0023000306038637773,
    0.00223366835726959,
    0.0021757853456504093,
    0.0021132273155944075
  ],
  "auto_loss": [
    0.020628458406858338,
    0.008336571828316637,
    0.006352511783731407,
    0.005216806512218851,
    0.004380977156947966,
    0.0038289656321949406,
    0.0034400377436411547,
    0.0031268214762267994,
    0.002871507873860467,
    0.0026601862319953176,
    0.002496234468324601,
    0.002352620619759928,
    0.0022282494809782115,
    0.0021190515743686406,
    0.0020488114259183433,
    0.0019629151587823653,
    0.0018885587861097114,
    0.001823270483806815,
    0.0017665805320111697,
    0.0017130013231825608
  ]
}